Date,Price
2015-08-17,0.997
2015-08-18,0.993
2015-08-19,0.996
2015-08-20,1.008
2015-08-21,1.001
2015-08-24,1.0
2015-08-25,0.979
2015-08-26,0.958
2015-08-27,0.948
2015-08-28,0.956
2015-08-31,0.954
2015-09-01,0.959
2015-09-02,0.961
2015-09-07,0.952
2015-09-08,0.948
2015-09-09,0.956
2015-09-10,0.952
2015-09-11,0.952
2015-09-14,0.95
2015-09-15,0.946
2015-09-16,0.946
2015-09-17,0.958
2015-09-18,0.969
2015-09-21,0.979
2015-09-22,0.973
2015-09-23,0.959
2015-09-24,0.963
2015-09-25,0.971
2015-09-28,0.965
2015-09-29,0.955
2015-09-30,0.957
2015-10-08,0.996
2015-10-09,0.996
2015-10-12,0.996
2015-10-13,0.99
2015-10-14,1.0
2015-10-15,1.001
2015-10-16,0.992
2015-10-19,0.987
2015-10-20,0.987
2015-10-21,0.977
2015-10-22,0.985
2015-10-23,0.985
2015-10-26,0.983
2015-10-27,0.983
2015-10-28,0.987
2015-10-29,0.988
2015-10-30,0.983
2015-11-02,0.98
2015-11-03,0.98
2015-11-04,0.976
2015-11-05,0.969
2015-11-06,0.971
2015-11-09,0.963
2015-11-10,0.943
2015-11-11,0.948
2015-11-12,0.946
2015-11-13,0.937
2015-11-16,0.942
2015-11-17,0.937
2015-11-18,0.929
2015-11-19,0.933
2015-11-20,0.931
2015-11-23,0.915
2015-11-24,0.915
2015-11-25,0.916
2015-11-26,0.916
2015-11-27,0.909
2015-11-30,0.9
2015-12-01,0.913
2015-12-02,0.909
2015-12-03,0.9
2015-12-04,0.904
2015-12-07,0.927
2015-12-08,0.923
2015-12-09,0.921
2015-12-10,0.916
2015-12-11,0.917
2015-12-14,0.918
2015-12-15,0.912
2015-12-16,0.914
2015-12-17,0.919
2015-12-18,0.911
2015-12-21,0.923
2015-12-22,0.927
2015-12-23,0.926
2015-12-24,0.929
2015-12-25,0.932
2015-12-28,0.928
2015-12-29,0.926
2015-12-30,0.924
2015-12-31,0.926
2016-01-04,0.92
2016-01-05,0.927
2016-01-06,0.929
2016-01-07,0.934
2016-01-08,0.937
2016-01-11,0.936
2016-01-12,0.925
2016-01-13,0.918
2016-01-14,0.922
2016-01-15,0.919
2016-01-18,0.923
2016-01-19,0.925
2016-01-20,0.925
2016-01-21,0.93
2016-01-22,0.927
2016-01-25,0.928
2016-01-26,0.937
2016-01-27,0.938
2016-01-28,0.933
2016-01-29,0.93
2016-02-01,0.932
2016-02-02,0.93
2016-02-03,0.931
2016-02-04,0.946
2016-02-05,0.946
2016-02-15,0.961
2016-02-16,0.961
2016-02-17,0.96
2016-02-18,0.957
2016-02-19,0.961
2016-02-22,0.957
2016-02-23,0.956
2016-02-24,0.959
2016-02-25,0.958
2016-02-26,0.955
2016-02-29,0.93
2016-03-01,0.939
2016-03-02,0.932
2016-03-03,0.932
2016-03-04,0.951
2016-03-07,0.971
2016-03-08,0.957
2016-03-09,0.941
2016-03-10,0.94
2016-03-11,0.96
2016-03-14,0.957
2016-03-15,0.942
2016-03-16,0.945
2016-03-17,0.95
2016-03-18,0.972
2016-03-21,0.957
2016-03-22,0.962
2016-03-23,0.957
2016-03-24,0.939
2016-03-25,0.939
2016-03-28,0.941
2016-03-29,0.937
2016-03-30,0.945
2016-03-31,0.939
2016-04-01,0.943
2016-04-05,0.933
2016-04-06,0.931
2016-04-07,0.933
2016-04-08,0.934
2016-04-11,0.942
2016-04-12,0.954
2016-04-13,0.957
2016-04-14,0.956
2016-04-15,0.959
2016-04-18,0.956
2016-04-19,1.0
2016-04-20,1.01
2016-04-21,1.032
2016-04-22,1.01
2016-04-25,1.005
2016-04-26,0.997
2016-04-27,1.018
2016-04-28,1.021
2016-04-29,1.043
2016-05-03,1.042
2016-05-04,1.019
2016-05-05,1.021
2016-05-06,1.012
2016-05-09,1.013
2016-05-10,0.997
2016-05-11,1.005
2016-05-12,1.007
2016-05-13,1.002
2016-05-16,1.01
2016-05-17,1.01
2016-05-18,1.0
2016-05-19,0.987
2016-05-20,0.981
2016-05-23,0.969
2016-05-24,0.966
2016-05-25,0.963
2016-05-26,0.975
2016-05-27,0.971
2016-05-30,0.943
2016-05-31,0.948
2016-06-01,0.947
2016-06-02,0.948
2016-06-03,0.95
2016-06-06,0.965
2016-06-07,0.965
2016-06-08,0.976
2016-06-13,1.003
2016-06-14,1.001
2016-06-15,1.008
2016-06-16,1.023
2016-06-17,0.998
2016-06-20,0.998
2016-06-21,1.003
2016-06-22,0.992
2016-06-23,0.994
2016-06-24,1.017
2016-06-27,1.019
2016-06-28,1.01
2016-06-29,1.042
2016-06-30,1.048
2016-07-01,1.083
2016-07-04,1.118
2016-07-05,1.129
2016-07-06,1.145
2016-07-07,1.139
2016-07-08,1.113
2016-07-11,1.154
2016-07-12,1.17
2016-07-13,1.166
2016-07-14,1.158
2016-07-15,1.158
2016-07-18,1.138
2016-07-19,1.136
2016-07-20,1.13
2016-07-21,1.112
2016-07-22,1.125
2016-07-25,1.11
2016-07-26,1.12
2016-07-27,1.12
2016-07-28,1.158
2016-07-29,1.149
2016-08-01,1.164
2016-08-02,1.158
2016-08-03,1.172
2016-08-04,1.147
2016-08-05,1.153
2016-08-08,1.121
2016-08-09,1.119
2016-08-10,1.147
2016-08-11,1.136
2016-08-12,1.128
2016-08-15,1.121
2016-08-16,1.128
2016-08-17,1.118
2016-08-18,1.118
2016-08-19,1.114
2016-08-22,1.081
2016-08-23,1.087
2016-08-24,1.083
2016-08-25,1.058
2016-08-26,1.062
2016-08-29,1.055
2016-08-30,1.064
2016-08-31,1.067
2016-09-01,1.07
2016-09-02,1.077
2016-09-05,1.101
2016-09-06,1.101
2016-09-07,1.117
2016-09-08,1.118
2016-09-09,1.105
2016-09-12,1.079
2016-09-13,1.083
2016-09-14,1.081
2016-09-19,1.079
2016-09-20,1.082
2016-09-21,1.09
2016-09-22,1.097
2016-09-23,1.097
2016-09-26,1.081
2016-09-27,1.081
2016-09-28,1.066
2016-09-29,1.067
2016-09-30,1.071
2016-10-10,1.007
2016-10-11,1.016
2016-10-12,1.005
2016-10-13,0.994
2016-10-14,0.992
2016-10-17,0.993
2016-10-18,1.001
2016-10-19,1.0
2016-10-20,1.005
2016-10-21,0.995
2016-10-24,1.002
2016-10-25,1.008
2016-10-26,1.014
2016-10-27,1.008
2016-10-28,1.01
2016-10-31,1.014
2016-11-01,1.021
2016-11-02,1.041
2016-11-03,1.036
2016-11-04,1.024
2016-11-07,1.02
2016-11-08,1.025
2016-11-09,1.06
2016-11-10,1.055
2016-11-11,1.065
2016-11-14,1.015
2016-11-15,1.017
2016-11-16,1.018
2016-11-17,1.006
2016-11-18,0.989
2016-11-21,0.994
2016-11-22,0.998
2016-11-23,0.988
2016-11-24,0.977
2016-11-25,0.978
2016-11-28,0.995
2016-11-29,0.991
2016-11-30,0.987
2016-12-01,0.987
2016-12-02,0.982
2016-12-05,0.988
2016-12-06,0.989
2016-12-07,0.988
2016-12-08,1.006
2016-12-09,1.004
2016-12-12,1.005
2016-12-13,1.011
2016-12-14,1.015
2016-12-15,1.0
2016-12-16,0.976
2016-12-19,0.975
2016-12-20,0.958
2016-12-21,0.961
2016-12-22,0.958
2016-12-23,0.944
2016-12-26,0.94
2016-12-27,0.953
2016-12-28,0.954
2016-12-29,0.964
2016-12-30,0.968
2017-01-03,0.964
2017-01-04,0.974
2017-01-05,0.977
2017-01-06,0.968
2017-01-09,0.968
2017-01-10,0.974
2017-01-11,0.983
2017-01-12,0.98
2017-01-13,0.973
2017-01-16,0.978
2017-01-17,0.978
2017-01-18,0.977
2017-01-19,0.97
2017-01-20,0.973
2017-01-23,0.976
2017-01-24,0.973
2017-01-25,0.963
2017-01-26,0.961
2017-02-03,0.973
2017-02-06,0.981
2017-02-07,0.983
2017-02-08,0.982
2017-02-09,0.984
2017-02-10,0.978
2017-02-13,0.997
2017-02-14,0.997
2017-02-15,0.994
2017-02-16,0.996
2017-02-17,0.996
2017-02-20,0.992
2017-02-21,0.997
2017-02-22,0.996
2017-02-23,0.995
2017-02-24,1.007
2017-02-27,1.018
2017-02-28,1.016
2017-03-01,1.01
2017-03-02,1.01
2017-03-03,0.987
2017-03-06,0.988
2017-03-07,0.986
2017-03-08,0.981
2017-03-09,0.973
2017-03-10,0.974
2017-03-13,0.982
2017-03-14,0.963
2017-03-15,0.956
2017-03-16,0.976
2017-03-17,0.972
2017-03-20,0.973
2017-03-21,0.971
2017-03-22,0.978
2017-03-23,0.976
2017-03-24,0.976
2017-03-27,0.988
2017-03-28,0.989
2017-03-29,0.99
2017-03-30,0.99
2017-03-31,0.986
2017-04-05,0.991
2017-04-06,0.988
2017-04-07,1.003
2017-04-10,0.985
2017-04-11,0.986
2017-04-12,0.998
2017-04-13,1.002
2017-04-14,1.004
2017-04-17,1.004
2017-04-18,0.998
2017-04-19,0.988
2017-04-20,0.987
2017-04-21,0.98
2017-04-24,0.974
2017-04-25,0.978
2017-04-26,0.972
2017-04-27,0.971
2017-04-28,0.977
2017-05-02,0.968
2017-05-03,0.966
2017-05-04,0.936
2017-05-05,0.928
2017-05-08,0.926
2017-05-09,0.922
2017-05-10,0.917
2017-05-11,0.923
2017-05-12,0.929
2017-05-15,0.935
2017-05-16,0.939
2017-05-17,0.939
2017-05-18,0.937
2017-05-19,0.935
2017-05-22,0.938
2017-05-23,0.943
2017-05-24,0.938
2017-05-25,0.942
2017-05-26,0.941
2017-05-31,0.936
2017-06-01,0.934
2017-06-02,0.929
2017-06-05,0.943
2017-06-06,0.95
2017-06-07,0.952
2017-06-08,0.949
2017-06-09,0.938
2017-06-12,0.933
2017-06-13,0.926
2017-06-14,0.929
2017-06-15,0.929
2017-06-16,0.924
2017-06-19,0.924
2017-06-20,0.924
2017-06-21,0.924
2017-06-22,0.929
2017-06-23,0.926
2017-06-26,0.926
2017-06-27,0.921
2017-06-28,0.926
2017-06-29,0.926
2017-06-30,0.916
2017-07-03,0.916
2017-07-04,0.895
2017-07-05,0.896
2017-07-06,0.895
2017-07-07,0.891
2017-07-10,0.866
2017-07-11,0.866
2017-07-12,0.875
2017-07-13,0.875
2017-07-14,0.865
2017-07-17,0.878
2017-07-18,0.88
2017-07-19,0.88
2017-07-20,0.881
2017-07-21,0.887
2017-07-24,0.885
2017-07-25,0.886
2017-07-26,0.882
2017-07-27,0.893
2017-07-28,0.89
2017-07-31,0.894
2017-08-01,0.895
2017-08-02,0.893
2017-08-03,0.89
2017-08-04,0.894
2017-08-07,0.875
2017-08-08,0.874
2017-08-09,0.883
2017-08-10,0.908
2017-08-11,0.903
2017-08-14,0.91
2017-08-15,0.898
2017-08-16,0.888
2017-08-17,0.904
2017-08-18,0.9
2017-08-21,0.9
2017-08-22,0.899
2017-08-23,0.898
2017-08-24,0.897
2017-08-25,0.895
2017-08-28,0.9
2017-08-29,0.908
2017-08-30,0.904
2017-08-31,0.9
2017-09-01,0.903
2017-09-04,0.914
2017-09-05,0.913
2017-09-06,0.911
2017-09-07,0.909
2017-09-08,0.912
2017-09-11,0.902
2017-09-12,0.899
2017-09-13,0.901
2017-09-14,0.896
2017-09-15,0.9
2017-09-18,0.896
2017-09-19,0.888
2017-09-20,0.89
2017-09-21,0.88
2017-09-22,0.877
2017-09-25,0.873
2017-09-26,0.884
2017-09-27,0.877
2017-09-28,0.872
2017-09-29,0.875
2017-10-09,0.88
2017-10-10,0.882
2017-10-11,0.88
2017-10-12,0.882
2017-10-13,0.885
2017-10-16,0.889
2017-10-17,0.883
2017-10-18,0.88
2017-10-19,0.877
2017-10-20,0.883
2017-10-23,0.876
2017-10-24,0.879
2017-10-25,0.876
2017-10-26,0.876
2017-10-27,0.868
2017-10-30,0.866
2017-10-31,0.871
2017-11-01,0.871
2017-11-02,0.876
2017-11-03,0.876
2017-11-06,0.87
2017-11-07,0.878
2017-11-08,0.875
2017-11-09,0.878
2017-11-10,0.875
2017-11-13,0.873
2017-11-14,0.873
2017-11-15,0.874
2017-11-16,0.873
2017-11-17,0.873
2017-11-20,0.878
2017-11-21,0.873
2017-11-22,0.874
2017-11-23,0.874
2017-11-24,0.875
2017-11-27,0.872
2017-11-28,0.873
2017-11-29,0.867
2017-11-30,0.855
2017-12-01,0.85
2017-12-04,0.848
2017-12-05,0.844
2017-12-06,0.838
2017-12-07,0.832
2017-12-08,0.828
2017-12-11,0.828
2017-12-12,0.82
2017-12-13,0.817
2017-12-14,0.828
2017-12-15,0.826
2017-12-18,0.828
2017-12-19,0.83
2017-12-20,0.828
2017-12-21,0.827
2017-12-22,0.829
2017-12-25,0.838
2017-12-26,0.838
2017-12-27,0.84
2017-12-28,0.848
2017-12-29,0.848
2018-01-02,0.852
2018-01-03,0.853
2018-01-04,0.851
2018-01-05,0.852
2018-01-08,0.853
2018-01-09,0.853
2018-01-10,0.847
2018-01-11,0.85
2018-01-12,0.852
2018-01-15,0.86
2018-01-16,0.856
2018-01-17,0.849
2018-01-18,0.845
2018-01-19,0.841
2018-01-22,0.844
2018-01-23,0.845
2018-01-24,0.842
2018-01-25,0.857
2018-01-26,0.852
2018-01-29,0.849
2018-01-30,0.84
2018-01-31,0.843
2018-02-01,0.837
2018-02-02,0.841
2018-02-05,0.823
2018-02-06,0.83
2018-02-07,0.824
2018-02-08,0.815
2018-02-09,0.814
2018-02-12,0.813
2018-02-13,0.818
2018-02-14,0.815
2018-02-22,0.808
2018-02-23,0.811
2018-02-26,0.816
2018-02-27,0.816
2018-02-28,0.809
2018-03-01,0.807
2018-03-02,0.809
2018-03-05,0.811
2018-03-06,0.809
2018-03-07,0.814
2018-03-08,0.812
2018-03-09,0.809
2018-03-12,0.81
2018-03-13,0.807
2018-03-14,0.81
2018-03-15,0.807
2018-03-16,0.805
2018-03-19,0.798
2018-03-20,0.799
2018-03-21,0.801
2018-03-22,0.807
2018-03-23,0.81
2018-03-26,0.808
2018-03-27,0.81
2018-03-28,0.802
2018-03-29,0.792
2018-03-30,0.794
2018-04-02,0.795
2018-04-03,0.8
2018-04-04,0.8
2018-04-09,0.798
2018-04-10,0.801
2018-04-11,0.803
2018-04-12,0.804
2018-04-13,0.8
2018-04-16,0.802
2018-04-17,0.804
2018-04-18,0.809
2018-04-19,0.824
2018-04-20,0.823
2018-04-23,0.818
2018-04-24,0.808
2018-04-25,0.807
2018-04-26,0.803
2018-04-27,0.801
2018-05-02,0.797
2018-05-03,0.799
2018-05-04,0.799
2018-05-07,0.8
2018-05-08,0.802
2018-05-09,0.8
2018-05-10,0.801
2018-05-11,0.806
2018-05-14,0.806
2018-05-15,0.8
2018-05-16,0.795
2018-05-17,0.795
2018-05-18,0.798
2018-05-21,0.795
2018-05-22,0.797
2018-05-23,0.796
2018-05-24,0.796
2018-05-25,0.8
2018-05-28,0.796
2018-05-29,0.796
2018-05-30,0.795
2018-05-31,0.799
2018-06-01,0.798
2018-06-04,0.797
2018-06-05,0.797
2018-06-06,0.8
2018-06-07,0.801
2018-06-08,0.802
2018-06-11,0.812
2018-06-12,0.812
2018-06-13,0.811
2018-06-14,0.825
2018-06-15,0.825
2018-06-19,0.797
2018-06-20,0.795
2018-06-21,0.792
2018-06-22,0.8
2018-06-25,0.8
2018-06-26,0.8
2018-06-27,0.801
2018-06-28,0.8
2018-06-29,0.8
2018-07-02,0.799
2018-07-03,0.8
2018-07-04,0.802
2018-07-05,0.802
2018-07-06,0.802
2018-07-09,0.802
2018-07-10,0.801
2018-07-11,0.8
2018-07-12,0.8
2018-07-13,0.8
2018-07-16,0.799
2018-07-17,0.796
2018-07-18,0.788
2018-07-19,0.789
2018-07-20,0.789
2018-07-23,0.794
2018-07-24,0.793
2018-07-25,0.796
2018-07-26,0.795
2018-07-27,0.794
2018-07-30,0.791
2018-07-31,0.793
2018-08-01,0.792
2018-08-02,0.79
2018-08-03,0.79
2018-08-06,0.789
2018-08-07,0.791
2018-08-08,0.79
2018-08-09,0.792
2018-08-10,0.791
2018-08-13,0.79
2018-08-14,0.786
2018-08-15,0.779
2018-08-16,0.764
2018-08-17,0.761
2018-08-20,0.762
2018-08-21,0.765
2018-08-22,0.759
2018-08-23,0.758
2018-08-24,0.758
2018-08-27,0.759
2018-08-28,0.761
2018-08-29,0.759
2018-08-30,0.756
2018-08-31,0.754
2018-09-03,0.75
2018-09-04,0.743
2018-09-05,0.733
2018-09-06,0.728
2018-09-07,0.729
2018-09-10,0.724
2018-09-11,0.727
2018-09-12,0.726
2018-09-13,0.73
2018-09-14,0.73
2018-09-17,0.726
2018-09-18,0.73
2018-09-19,0.73
2018-09-20,0.736
2018-09-21,0.744
2018-09-25,0.739
2018-09-26,0.748
2018-09-27,0.745
2018-09-28,0.741
2018-10-08,0.749
2018-10-09,0.75
2018-10-10,0.748
2018-10-11,0.747
2018-10-12,0.755
2018-10-15,0.762
2018-10-16,0.76
2018-10-17,0.759
2018-10-18,0.755
2018-10-19,0.759
2018-10-22,0.76
2018-10-23,0.76
2018-10-24,0.769
2018-10-25,0.771
2018-10-26,0.767
2018-10-29,0.766
2018-10-30,0.758
2018-10-31,0.757
2018-11-01,0.755
2018-11-02,0.761
2018-11-05,0.761
2018-11-06,0.762
2018-11-07,0.762
2018-11-08,0.758
2018-11-09,0.756
2018-11-12,0.746
2018-11-13,0.745
2018-11-14,0.742
2018-11-15,0.744
2018-11-16,0.748
2018-11-19,0.749
2018-11-20,0.75
2018-11-21,0.749
2018-11-22,0.75
2018-11-23,0.75
2018-11-26,0.745
2018-11-27,0.743
2018-11-28,0.743
2018-11-29,0.748
2018-11-30,0.747
2018-12-03,0.747
2018-12-04,0.751
2018-12-05,0.75
2018-12-06,0.749
2018-12-07,0.749
2018-12-10,0.759
2018-12-11,0.758
2018-12-12,0.757
2018-12-13,0.759
2018-12-14,0.755
2018-12-17,0.755
2018-12-18,0.756
2018-12-19,0.76
2018-12-20,0.757
2018-12-21,0.76
2018-12-24,0.762
2018-12-25,0.762
2018-12-26,0.768
2018-12-27,0.77
2018-12-28,0.786
2019-01-02,0.789
2019-01-03,0.799
2019-01-04,0.797
2019-01-07,0.799
2019-01-08,0.792
2019-01-09,0.792
2019-01-10,0.793
2019-01-11,0.791
2019-01-14,0.785
2019-01-15,0.786
2019-01-16,0.787
2019-01-17,0.787
2019-01-18,0.789
2019-01-21,0.779
2019-01-22,0.774
2019-01-23,0.777
2019-01-24,0.777
2019-01-25,0.779
2019-01-28,0.795
2019-01-29,0.795
2019-01-30,0.799
2019-01-31,0.792
2019-02-01,0.796
2019-02-11,0.793
2019-02-12,0.793
2019-02-13,0.792
2019-02-14,0.787
2019-02-15,0.792
2019-02-18,0.797
2019-02-19,0.799
2019-02-20,0.799
2019-02-21,0.797
2019-02-22,0.79
2019-02-25,0.793
2019-02-26,0.79
2019-02-27,0.789
2019-02-28,0.783
2019-03-01,0.778
2019-03-04,0.765
2019-03-05,0.768
2019-03-06,0.778
2019-03-07,0.771
2019-03-08,0.765
2019-03-11,0.767
2019-03-12,0.768
2019-03-13,0.769
2019-03-14,0.763
2019-03-15,0.768
2019-03-18,0.762
2019-03-19,0.764
2019-03-20,0.763
2019-03-21,0.77
2019-03-22,0.77
2019-03-25,0.77
2019-03-26,0.769
2019-03-27,0.766
2019-03-28,0.762
2019-03-29,0.751
2019-04-01,0.754
2019-04-02,0.757
2019-04-03,0.763
2019-04-04,0.77
2019-04-08,0.767
2019-04-09,0.764
2019-04-10,0.766
2019-04-11,0.764
2019-04-12,0.758
2019-04-15,0.759
2019-04-16,0.76
2019-04-17,0.761
2019-04-18,0.751
2019-04-19,0.753
2019-04-22,0.755
2019-04-23,0.751
2019-04-24,0.747
2019-04-25,0.752
2019-04-26,0.754
2019-04-29,0.75
2019-04-30,0.753
2019-05-06,0.749
2019-05-07,0.752
2019-05-08,0.755
2019-05-09,0.752
2019-05-10,0.752
2019-05-13,0.75
2019-05-14,0.756
2019-05-15,0.755
2019-05-16,0.757
2019-05-17,0.753
2019-05-20,0.748
2019-05-21,0.748
2019-05-22,0.749
2019-05-23,0.747
2019-05-24,0.749
2019-05-27,0.749
2019-05-28,0.747
2019-05-29,0.745
2019-05-30,0.742
2019-05-31,0.746
2019-06-03,0.749
2019-06-04,0.753
2019-06-05,0.757
2019-06-06,0.759
2019-06-10,0.756
2019-06-11,0.752
2019-06-12,0.759
2019-06-13,0.758
2019-06-14,0.767
2019-06-17,0.759
2019-06-18,0.762
2019-06-19,0.76
2019-06-20,0.772
2019-06-21,0.773
2019-06-24,0.776
2019-06-25,0.781
2019-06-26,0.773
2019-06-27,0.77
2019-06-28,0.772
2019-07-01,0.765
2019-07-02,0.768
2019-07-03,0.778
2019-07-04,0.772
2019-07-05,0.773
2019-07-08,0.765
2019-07-09,0.765
2019-07-10,0.766
2019-07-11,0.771
2019-07-12,0.766
2019-07-15,0.772
2019-07-16,0.777
2019-07-17,0.787
2019-07-18,0.809
2019-07-19,0.823
2019-07-22,0.824
2019-07-23,0.82
2019-07-24,0.829
2019-07-25,0.829
2019-07-26,0.824
2019-07-29,0.825
2019-07-30,0.828
2019-07-31,0.829
2019-08-01,0.808
2019-08-02,0.817
2019-08-05,0.847
2019-08-06,0.845
2019-08-07,0.857
2019-08-08,0.877
2019-08-09,0.873
2019-08-12,0.866
2019-08-13,0.897
2019-08-14,0.869
2019-08-15,0.883
2019-08-16,0.885
2019-08-19,0.876
2019-08-20,0.874
2019-08-21,0.877
2019-08-22,0.879
2019-08-23,0.878
2019-08-26,0.915
2019-08-27,0.924
2019-08-28,0.944
2019-08-29,0.965
2019-08-30,0.955
2019-09-02,0.951
2019-09-03,0.961
2019-09-04,1.002
2019-09-05,1.011
2019-09-06,0.956
2019-09-09,0.95
2019-09-10,0.932
2019-09-11,0.941
2019-09-12,0.932
2019-09-16,0.924
2019-09-17,0.916
2019-09-18,0.921
2019-09-19,0.913
2019-09-20,0.923
2019-09-23,0.94
2019-09-24,0.956
2019-09-25,0.947
2019-09-26,0.919
2019-09-27,0.896
2019-09-30,0.887
2019-10-08,0.892
2019-10-09,0.921
2019-10-10,0.914
2019-10-11,0.902
2019-10-14,0.894
2019-10-15,0.895
2019-10-16,0.882
2019-10-17,0.889
2019-10-18,0.892
2019-10-21,0.9
2019-10-22,0.894
2019-10-23,0.896
2019-10-24,0.893
2019-10-25,0.914
2019-10-28,0.916
2019-10-29,0.899
2019-10-30,0.904
2019-10-31,0.904
2019-11-01,0.911
2019-11-04,0.909
2019-11-05,0.906
2019-11-06,0.878
2019-11-07,0.88
2019-11-08,0.847
2019-11-11,0.845
2019-11-12,0.839
2019-11-13,0.851
2019-11-14,0.85
2019-11-15,0.839
2019-11-18,0.84
2019-11-19,0.851
2019-11-20,0.852
2019-11-21,0.848
2019-11-22,0.849
2019-11-25,0.839
2019-11-26,0.843
2019-11-27,0.846
2019-11-28,0.844
2019-11-29,0.843
2019-12-02,0.842
2019-12-03,0.841
2019-12-04,0.865
2019-12-05,0.855
2019-12-06,0.846
2019-12-09,0.833
2019-12-10,0.834
2019-12-11,0.833
2019-12-12,0.842
2019-12-13,0.838
2019-12-16,0.848
2019-12-17,0.849
2019-12-18,0.849
2019-12-19,0.846
2019-12-20,0.851
2019-12-23,0.864
2019-12-24,0.874
2019-12-25,0.881
2019-12-26,0.891
2019-12-27,0.885
2019-12-30,0.887
2019-12-31,0.899
2020-01-02,0.884
2020-01-03,0.9
2020-01-06,0.912
2020-01-07,0.897
2020-01-08,0.914
2020-01-09,0.885
2020-01-10,0.883
2020-01-13,0.883
2020-01-14,0.869
2020-01-15,0.875
2020-01-16,0.876
2020-01-17,0.88
2020-01-20,0.881
2020-01-21,0.886
2020-01-22,0.869
2020-01-23,0.868
2020-02-03,0.877
2020-02-04,0.874
2020-02-05,0.875
2020-02-06,0.873
2020-02-07,0.875
2020-02-10,0.874
2020-02-11,0.876
2020-02-12,0.866
2020-02-13,0.871
2020-02-14,0.874
2020-02-17,0.879
2020-02-18,0.881
2020-02-19,0.903
2020-02-20,0.909
2020-02-21,0.925
2020-02-24,0.945
2020-02-25,0.917
2020-02-26,0.906
2020-02-27,0.912
2020-02-28,0.865
2020-03-02,0.854
2020-03-03,0.848
2020-03-04,0.851
2020-03-05,0.849
2020-03-06,0.854
2020-03-09,0.819
2020-03-10,0.834
2020-03-11,0.837
2020-03-12,0.821
2020-03-13,0.784
2020-03-16,0.753
2020-03-17,0.7
2020-03-18,0.68
2020-03-19,0.651
2020-03-20,0.64
2020-03-23,0.622
2020-03-24,0.668
2020-03-25,0.703
2020-03-26,0.694
2020-03-27,0.705
2020-03-30,0.667
2020-03-31,0.681
2020-04-01,0.677
2020-04-02,0.69
2020-04-03,0.705
2020-04-07,0.744
2020-04-08,0.733
2020-04-09,0.736
2020-04-10,0.741
2020-04-13,0.735
2020-04-14,0.749
2020-04-15,0.739
2020-04-16,0.753
2020-04-17,0.74
2020-04-20,0.729
2020-04-21,0.732
2020-04-22,0.705
2020-04-23,0.734
2020-04-24,0.736
2020-04-27,0.731
2020-04-28,0.716
2020-04-29,0.725
2020-04-30,0.734
2020-05-06,0.73
2020-05-07,0.724
2020-05-08,0.749
2020-05-11,0.75
2020-05-12,0.744
2020-05-13,0.749
2020-05-14,0.75
2020-05-15,0.778
2020-05-18,0.824
2020-05-19,0.804
2020-05-20,0.831
2020-05-21,0.812
2020-05-22,0.799
2020-05-25,0.806
2020-05-26,0.826
2020-05-27,0.818
2020-05-28,0.83
2020-05-29,0.832
2020-06-01,0.869
2020-06-02,0.866
2020-06-03,0.847
2020-06-04,0.828
2020-06-05,0.832
2020-06-08,0.83
2020-06-09,0.825
2020-06-10,0.832
2020-06-11,0.837
2020-06-12,0.825
2020-06-15,0.809
2020-06-16,0.811
2020-06-17,0.816
2020-06-18,0.815
2020-06-19,0.819
2020-06-22,0.836
2020-06-23,0.825
2020-06-24,0.831
2020-06-29,0.83
2020-06-30,0.829
2020-07-01,0.846
2020-07-02,0.833
2020-07-03,0.836
2020-07-06,0.837
2020-07-07,0.843
2020-07-08,0.847
2020-07-09,0.865
2020-07-10,0.854
2020-07-13,0.871
2020-07-14,0.872
2020-07-15,0.877
2020-07-16,0.873
2020-07-17,0.866
2020-07-20,0.876
2020-07-21,0.921
2020-07-22,1.011
2020-07-23,0.994
2020-07-24,0.987
2020-07-27,1.042
2020-07-28,1.06
2020-07-29,1.056
2020-07-30,1.026
2020-07-31,1.057
2020-08-03,1.046
2020-08-04,1.046
2020-08-05,1.136
2020-08-06,1.178
2020-08-07,1.204
2020-08-10,1.204
2020-08-11,1.189
2020-08-12,1.086
2020-08-13,1.089
2020-08-14,1.12
2020-08-17,1.186
2020-08-18,1.192
2020-08-19,1.13
2020-08-20,1.088
2020-08-21,1.08
2020-08-24,1.041
2020-08-25,1.042
2020-08-26,1.034
2020-08-27,1.073
2020-08-28,1.075
2020-08-31,1.093
2020-09-01,1.12
2020-09-02,1.098
2020-09-03,1.058
2020-09-04,1.047
2020-09-07,1.052
2020-09-08,1.058
2020-09-09,1.041
2020-09-10,1.054
2020-09-11,1.046
2020-09-14,1.042
2020-09-15,1.053
2020-09-16,1.051
2020-09-17,1.028
2020-09-18,1.043
2020-09-21,1.022
2020-09-22,0.935
2020-09-23,0.909
2020-09-24,0.884
2020-09-25,0.905
2020-09-28,0.892
2020-09-29,0.888
2020-09-30,0.896
2020-10-09,0.901
2020-10-12,0.946
2020-10-13,0.935
2020-10-14,0.906
2020-10-15,0.904
2020-10-16,0.902
2020-10-19,0.92
2020-10-20,0.912
2020-10-21,0.926
2020-10-22,0.925
2020-10-23,0.914
2020-10-26,0.895
2020-10-27,0.912
2020-10-28,0.915
2020-10-29,0.873
2020-10-30,0.867
2020-11-02,0.893
2020-11-03,0.902
2020-11-04,0.888
2020-11-05,0.903
2020-11-06,0.934
2020-11-09,0.937
2020-11-10,0.89
2020-11-11,0.893
2020-11-12,0.889
2020-11-13,0.891
2020-11-16,0.912
2020-11-17,0.902
2020-11-18,0.894
2020-11-19,0.879
2020-11-20,0.883
2020-11-23,0.885
2020-11-24,0.854
2020-11-25,0.848
2020-11-26,0.854
2020-11-27,0.851
2020-11-30,0.82
2020-12-01,0.838
2020-12-02,0.865
2020-12-03,0.869
2020-12-04,0.875
2020-12-07,0.869
2020-12-08,0.888
2020-12-09,0.876
2020-12-10,0.858
2020-12-11,0.862
2020-12-14,0.862
2020-12-15,0.875
2020-12-16,0.901
2020-12-17,0.916
2020-12-18,0.923
2020-12-21,0.964
2020-12-22,0.926
2020-12-23,0.91
2020-12-24,0.924
2020-12-25,0.926
2020-12-28,0.953
2020-12-29,0.944
2020-12-30,0.953
2020-12-31,0.955
2021-01-04,0.973
2021-01-05,0.979
2021-01-06,0.973
2021-01-07,0.965
2021-01-08,0.958
2021-01-11,0.891
2021-01-12,0.902
2021-01-13,0.902
2021-01-14,0.883
2021-01-15,0.886
2021-01-18,0.882
2021-01-19,0.886
2021-01-20,0.891
2021-01-21,0.905
2021-01-22,0.891
2021-01-25,0.888
2021-01-26,0.884
2021-01-27,0.886
2021-01-28,0.875
2021-01-29,0.911
2021-02-01,0.99
2021-02-02,0.975
2021-02-03,0.922
2021-02-04,0.905
2021-02-05,0.899
2021-02-08,0.916
2021-02-09,0.925
2021-02-10,0.923
2021-02-18,0.922
2021-02-19,0.915
2021-02-22,0.945
2021-02-23,0.962
2021-02-24,0.944
2021-02-25,0.954
2021-02-26,0.926
2021-03-01,0.919
2021-03-02,0.903
2021-03-03,0.905
2021-03-04,0.885
2021-03-05,0.859
2021-03-08,0.871
2021-03-09,0.873
2021-03-10,0.881
2021-03-11,0.893
2021-03-12,0.877
2021-03-15,0.884
2021-03-16,0.889
2021-03-17,0.885
2021-03-18,0.905
2021-03-19,0.893
2021-03-22,0.872
2021-03-23,0.877
2021-03-24,0.861
2021-03-25,0.855
2021-03-26,0.86
2021-03-29,0.853
2021-03-30,0.839
2021-03-31,0.826
2021-04-01,0.833
2021-04-02,0.856
2021-04-06,0.853
2021-04-07,0.856
2021-04-08,0.863
2021-04-09,0.865
2021-04-12,0.855
2021-04-13,0.846
2021-04-14,0.867
2021-04-15,0.868
2021-04-16,0.878
2021-04-19,0.877
2021-04-20,0.877
2021-04-21,0.883
2021-04-22,0.892
2021-04-23,0.88
2021-04-26,0.874
2021-04-27,0.881
2021-04-28,0.879
2021-04-29,0.888
2021-04-30,0.873
2021-05-06,0.905
2021-05-07,0.917
2021-05-10,0.929
2021-05-11,0.913
2021-05-12,0.918
2021-05-13,0.903
2021-05-14,0.907
2021-05-17,0.927
2021-05-18,0.952
2021-05-19,0.937
2021-05-20,0.92
2021-05-21,0.913
2021-05-24,0.917
2021-05-25,0.914
2021-05-26,0.926
2021-05-27,0.908
2021-05-28,0.904
2021-05-31,0.914
2021-06-01,0.93
2021-06-02,0.912
2021-06-03,0.912
2021-06-04,0.89
2021-06-07,0.898
2021-06-08,0.903
2021-06-09,0.899
2021-06-10,0.898
2021-06-11,0.919
2021-06-15,0.902
2021-06-16,0.902
2021-06-17,0.88
2021-06-18,0.858
2021-06-21,0.853
2021-06-22,0.852
2021-06-23,0.856
2021-06-24,0.856
2021-06-25,0.862
2021-06-28,0.861
2021-06-29,0.855
2021-06-30,0.849
2021-07-01,0.861
2021-07-02,0.857
2021-07-05,0.874
2021-07-06,0.874
2021-07-07,0.868
2021-07-08,0.853
2021-07-09,0.854
2021-07-12,0.858
2021-07-13,0.867
2021-07-14,0.861
2021-07-15,0.869
2021-07-16,0.866
2021-07-19,0.846
2021-07-20,0.835
2021-07-21,0.834
2021-07-22,0.836
2021-07-23,0.839
2021-07-26,0.836
2021-07-27,0.831
2021-07-28,0.828
2021-07-29,0.838
2021-07-30,0.847
2021-08-02,0.842
2021-08-03,0.835
2021-08-04,0.846
2021-08-05,0.839
2021-08-06,0.83
2021-08-09,0.8
2021-08-10,0.793
2021-08-11,0.791
2021-08-12,0.795
2021-08-13,0.793
2021-08-16,0.797
2021-08-17,0.801
2021-08-18,0.799
2021-08-19,0.786
2021-08-20,0.785
2021-08-23,0.782
2021-08-24,0.793
2021-08-25,0.793
2021-08-26,0.79
2021-08-27,0.792
2021-08-30,0.798
2021-08-31,0.801
2021-09-01,0.793
2021-09-02,0.801
2021-09-03,0.796
2021-09-06,0.818
2021-09-07,0.815
2021-09-08,0.805
2021-09-09,0.795
2021-09-10,0.802
2021-09-13,0.788
2021-09-14,0.788
2021-09-15,0.787
2021-09-16,0.781
2021-09-17,0.762
2021-09-22,0.762
2021-09-23,0.759
2021-09-24,0.755
2021-09-27,0.754
2021-09-28,0.743
2021-09-29,0.737
2021-09-30,0.718
2021-10-08,0.744
2021-10-11,0.751
2021-10-12,0.75
2021-10-13,0.75
2021-10-14,0.766
2021-10-15,0.771
2021-10-18,0.763
2021-10-19,0.769
2021-10-20,0.776
2021-10-21,0.773
2021-10-22,0.772
2021-10-25,0.772
2021-10-26,0.771
2021-10-27,0.758
2021-10-28,0.759
2021-10-29,0.752
2021-11-01,0.753
2021-11-02,0.759
2021-11-03,0.745
2021-11-04,0.743
2021-11-05,0.755
2021-11-08,0.767
2021-11-09,0.769
2021-11-10,0.769
2021-11-11,0.789
2021-11-12,0.798
2021-11-15,0.787
2021-11-16,0.786
2021-11-17,0.79
2021-11-18,0.785
2021-11-19,0.781
2021-11-22,0.778
2021-11-23,0.766
2021-11-24,0.759
2021-11-25,0.757
2021-11-26,0.742
2021-11-29,0.733
2021-11-30,0.72
2021-12-01,0.72
2021-12-02,0.709
2021-12-03,0.712
2021-12-06,0.712
2021-12-07,0.713
2021-12-08,0.709
2021-12-09,0.705
2021-12-10,0.694
2021-12-13,0.706
2021-12-14,0.709
2021-12-15,0.698
2021-12-16,0.708
2021-12-17,0.717
2021-12-20,0.713
2021-12-21,0.714
2021-12-22,0.717
2021-12-23,0.725
2021-12-24,0.725
2021-12-27,0.722
2021-12-28,0.727
2021-12-29,0.725
2021-12-30,0.715
2021-12-31,0.726
2022-01-04,0.714
2022-01-05,0.714
2022-01-06,0.706
2022-01-07,0.698
2022-01-10,0.699
2022-01-11,0.705
2022-01-12,0.707
2022-01-13,0.713
2022-01-14,0.714
2022-01-17,0.709
2022-01-18,0.711
2022-01-19,0.729
2022-01-20,0.739
2022-01-21,0.752
2022-01-24,0.739
2022-01-25,0.731
2022-01-26,0.728
2022-01-27,0.711
2022-01-28,0.705
2022-02-07,0.709
2022-02-08,0.71
2022-02-09,0.713
2022-02-10,0.715
2022-02-11,0.703
2022-02-14,0.722
2022-02-15,0.724
2022-02-16,0.708
2022-02-17,0.711
2022-02-18,0.721
2022-02-21,0.718
2022-02-22,0.729
2022-02-23,0.728
2022-02-24,0.748
2022-02-25,0.733
2022-02-28,0.726
2022-03-01,0.729
2022-03-02,0.742
2022-03-03,0.746
2022-03-04,0.739
2022-03-07,0.755
2022-03-08,0.773
2022-03-09,0.782
2022-03-10,0.745
2022-03-11,0.751
2022-03-14,0.745
2022-03-15,0.726
2022-03-16,0.734
2022-03-17,0.743
2022-03-18,0.748
2022-03-21,0.739
2022-03-22,0.752
2022-03-23,0.74
2022-03-24,0.747
2022-03-25,0.761
2022-03-28,0.752
2022-03-29,0.745
2022-03-30,0.736
2022-03-31,0.73
2022-04-01,0.732
2022-04-06,0.723
2022-04-07,0.722
2022-04-08,0.73
2022-04-11,0.738
2022-04-12,0.751
2022-04-13,0.756
2022-04-14,0.76
2022-04-15,0.758
2022-04-18,0.765
2022-04-19,0.765
2022-04-20,0.745
2022-04-21,0.75
2022-04-22,0.739
2022-04-25,0.721
2022-04-26,0.722
2022-04-27,0.721
2022-04-28,0.713
2022-04-29,0.733
2022-05-05,0.726
2022-05-06,0.698
2022-05-09,0.697
2022-05-10,0.694
2022-05-11,0.686
2022-05-12,0.684
2022-05-13,0.672
2022-05-16,0.674
2022-05-17,0.688
2022-05-18,0.68
2022-05-19,0.678
2022-05-20,0.689
2022-05-23,0.686
2022-05-24,0.683
2022-05-25,0.687
2022-05-26,0.682
2022-05-27,0.69
2022-05-30,0.686
2022-05-31,0.675
2022-06-01,0.67
2022-06-02,0.678
2022-06-06,0.69
2022-06-07,0.683
2022-06-08,0.688
2022-06-09,0.684
2022-06-10,0.674
2022-06-13,0.68
2022-06-14,0.669
2022-06-15,0.667
2022-06-16,0.675
2022-06-17,0.682
2022-06-20,0.674
2022-06-21,0.668
2022-06-22,0.665
2022-06-23,0.666
2022-06-24,0.652
2022-06-27,0.661
2022-06-28,0.658
2022-06-29,0.646
2022-06-30,0.646
2022-07-01,0.625
2022-07-04,0.619
2022-07-05,0.628
2022-07-06,0.608
2022-07-07,0.608
2022-07-08,0.607
2022-07-11,0.606
2022-07-12,0.603
2022-07-13,0.601
2022-07-14,0.602
2022-07-15,0.582
2022-07-18,0.594
2022-07-19,0.593
2022-07-20,0.593
2022-07-21,0.59
2022-07-22,0.597
2022-07-25,0.594
2022-07-26,0.593
2022-07-27,0.596
2022-07-28,0.616
2022-07-29,0.635
2022-08-01,0.63
2022-08-02,0.633
2022-08-03,0.625
2022-08-04,0.629
2022-08-05,0.636
2022-08-08,0.625
2022-08-09,0.641
2022-08-10,0.638
2022-08-11,0.64
2022-08-12,0.637
2022-08-15,0.643
2022-08-16,0.633
2022-08-17,0.63
2022-08-18,0.619
2022-08-19,0.615
2022-08-22,0.609
2022-08-23,0.612
2022-08-24,0.61
2022-08-25,0.615
2022-08-26,0.611
2022-08-29,0.6
2022-08-30,0.601
2022-08-31,0.596
2022-09-01,0.591
2022-09-02,0.592
2022-09-05,0.594
2022-09-06,0.597
2022-09-07,0.591
2022-09-08,0.599
2022-09-09,0.607
2022-09-13,0.624
2022-09-14,0.617
2022-09-15,0.616
2022-09-16,0.612
2022-09-19,0.617
2022-09-20,0.621
2022-09-21,0.621
2022-09-22,0.624
2022-09-23,0.634
2022-09-26,0.61
2022-09-27,0.61
2022-09-28,0.6
2022-09-29,0.615
2022-09-30,0.62
2022-10-10,0.637
2022-10-11,0.633
2022-10-12,0.628
2022-10-13,0.62
2022-10-14,0.622
2022-10-17,0.613
2022-10-18,0.619
2022-10-19,0.614
2022-10-20,0.611
2022-10-21,0.616
2022-10-24,0.633
2022-10-25,0.638
2022-10-26,0.644
2022-10-27,0.638
2022-10-28,0.639
2022-10-31,0.632
2022-11-01,0.643
2022-11-02,0.647
2022-11-03,0.638
2022-11-04,0.644
2022-11-07,0.659
2022-11-08,0.667
2022-11-09,0.686
2022-11-10,0.683
2022-11-11,0.692
2022-11-14,0.676
2022-11-15,0.688
2022-11-16,0.685
2022-11-17,0.682
2022-11-18,0.676
2022-11-21,0.669
2022-11-22,0.673
2022-11-23,0.677
2022-11-24,0.687
2022-11-25,0.687
2022-11-28,0.682
2022-11-29,0.683
2022-11-30,0.683
2022-12-01,0.703
2022-12-02,0.717
2022-12-05,0.718
2022-12-06,0.7
2022-12-07,0.699
2022-12-08,0.707
2022-12-09,0.72
2022-12-12,0.726
2022-12-13,0.728
2022-12-14,0.741
2022-12-15,0.726
2022-12-16,0.715
2022-12-19,0.71
2022-12-20,0.711
2022-12-21,0.732
2022-12-22,0.725
2022-12-23,0.722
2022-12-26,0.726
2022-12-27,0.734
2022-12-28,0.729
2022-12-29,0.72
2022-12-30,0.731
2023-01-03,0.735
2023-01-04,0.729
2023-01-05,0.713
2023-01-06,0.703
2023-01-09,0.713
2023-01-10,0.704
2023-01-11,0.711
2023-01-12,0.705
2023-01-13,0.707
2023-01-16,0.717
2023-01-17,0.715
2023-01-18,0.714
2023-01-19,0.698
2023-01-20,0.716
2023-01-30,0.71
2023-01-31,0.701
2023-02-01,0.706
2023-02-02,0.715
2023-02-03,0.705
2023-02-06,0.678
2023-02-07,0.677
2023-02-08,0.676
2023-02-09,0.676
2023-02-10,0.668
2023-02-13,0.669
2023-02-14,0.669
2023-02-15,0.667
2023-02-16,0.665
2023-02-17,0.661
2023-02-20,0.669
2023-02-21,0.668
2023-02-22,0.672
2023-02-23,0.667
2023-02-24,0.667
2023-02-27,0.657
2023-02-28,0.66
2023-03-01,0.666
2023-03-02,0.66
2023-03-03,0.663
2023-03-06,0.669
2023-03-07,0.665
2023-03-08,0.643
2023-03-09,0.644
2023-03-10,0.644
2023-03-13,0.661
2023-03-14,0.679
2023-03-15,0.677
2023-03-16,0.675
2023-03-17,0.676
2023-03-20,0.687
2023-03-21,0.687
2023-03-22,0.688
2023-03-23,0.694
2023-03-24,0.696
2023-03-27,0.697
2023-03-28,0.691
2023-03-29,0.697
2023-03-30,0.707
2023-03-31,0.712
2023-04-03,0.707
2023-04-04,0.714
2023-04-06,0.741
2023-04-07,0.747
2023-04-10,0.738
2023-04-11,0.744
2023-04-12,0.755
2023-04-13,0.758
2023-04-14,0.77
2023-04-17,0.758
2023-04-18,0.75
2023-04-19,0.748
2023-04-20,0.756
2023-04-21,0.751
2023-04-24,0.746
2023-04-25,0.754
2023-04-26,0.75
2023-04-27,0.753
2023-04-28,0.753
2023-05-04,0.769
2023-05-05,0.78
2023-05-08,0.771
2023-05-09,0.766
2023-05-10,0.77
2023-05-11,0.759
2023-05-12,0.724
2023-05-15,0.726
2023-05-16,0.718
2023-05-17,0.72
2023-05-18,0.72
2023-05-19,0.724
2023-05-22,0.724
2023-05-23,0.718
2023-05-24,0.715
2023-05-25,0.707
2023-05-26,0.705
2023-05-29,0.714
2023-05-30,0.707
2023-05-31,0.72
2023-06-01,0.725
2023-06-02,0.732
2023-06-05,0.72
2023-06-06,0.723
2023-06-07,0.725
2023-06-08,0.73
2023-06-09,0.75
2023-06-12,0.747
2023-06-13,0.747
2023-06-14,0.743
2023-06-15,0.728
2023-06-16,0.739
2023-06-19,0.744
2023-06-20,0.742
2023-06-21,0.724
2023-06-26,0.717
2023-06-27,0.723
2023-06-28,0.719
2023-06-29,0.719
2023-06-30,0.718
2023-07-03,0.726
2023-07-04,0.728
2023-07-05,0.725
2023-07-06,0.736
2023-07-07,0.722
2023-07-10,0.73
2023-07-11,0.735
2023-07-12,0.732
2023-07-13,0.753
2023-07-14,0.76
2023-07-17,0.761
2023-07-18,0.766
2023-07-19,0.776
2023-07-20,0.777
2023-07-21,0.769
2023-07-24,0.766
2023-07-25,0.763
2023-07-26,0.768
2023-07-27,0.772
2023-07-28,0.754
2023-07-31,0.754
2023-08-01,0.762
2023-08-02,0.757
2023-08-03,0.741
2023-08-04,0.744
2023-08-07,0.742
2023-08-08,0.739
2023-08-09,0.739
2023-08-10,0.736
2023-08-11,0.735
2023-08-14,0.734
2023-08-15,0.736
2023-08-16,0.743
2023-08-17,0.737
2023-08-18,0.733
2023-08-21,0.735
2023-08-22,0.743
2023-08-23,0.756
2023-08-24,0.762
2023-08-25,0.758
2023-08-28,0.76
2023-08-29,0.763
2023-08-30,0.77
2023-08-31,0.77
2023-09-01,0.772
2023-09-04,0.766
2023-09-05,0.759
2023-09-06,0.757
2023-09-07,0.749
2023-09-08,0.752
2023-09-11,0.757
2023-09-12,0.752
2023-09-13,0.754
2023-09-14,0.766
2023-09-15,0.767
2023-09-18,0.757
2023-09-19,0.76
2023-09-20,0.766
2023-09-21,0.763
2023-09-22,0.77
2023-09-25,0.769
2023-09-26,0.755
2023-09-27,0.755
2023-09-28,0.749
2023-10-09,0.734
2023-10-10,0.731
2023-10-11,0.731
2023-10-12,0.736
2023-10-13,0.737
2023-10-16,0.749
2023-10-17,0.747
2023-10-18,0.756
2023-10-19,0.751
2023-10-20,0.752
2023-10-23,0.753
2023-10-24,0.752
2023-10-25,0.75
2023-10-26,0.754
2023-10-27,0.755
2023-10-30,0.756
2023-10-31,0.756
2023-11-01,0.743
2023-11-02,0.749
2023-11-03,0.748
2023-11-06,0.754
2023-11-07,0.747
2023-11-08,0.741
2023-11-09,0.737
2023-11-10,0.742
2023-11-13,0.732
2023-11-14,0.735
2023-11-15,0.753
2023-11-16,0.753
2023-11-17,0.755
2023-11-20,0.75
2023-11-21,0.751
2023-11-22,0.753
2023-11-23,0.75
2023-11-24,0.75
2023-11-27,0.776
2023-11-28,0.78
2023-11-29,0.779
2023-11-30,0.785
2023-12-01,0.786
2023-12-04,0.792
2023-12-05,0.767
2023-12-06,0.765
2023-12-07,0.76
2023-12-08,0.763
2023-12-11,0.757
2023-12-12,0.747
2023-12-13,0.746
2023-12-14,0.764
2023-12-15,0.764
2023-12-18,0.759
2023-12-19,0.759
2023-12-20,0.763
2023-12-21,0.769
2023-12-22,0.77
2023-12-25,0.768
2023-12-26,0.772
2023-12-27,0.772
2023-12-28,0.768
2023-12-29,0.758
2024-01-02,0.763
2024-01-03,0.758
2024-01-04,0.744
2024-01-05,0.746
2024-01-08,0.751
2024-01-09,0.749
2024-01-10,0.745
2024-01-11,0.748
2024-01-12,0.747
2024-01-15,0.756
2024-01-16,0.754
2024-01-17,0.746
2024-01-18,0.747
2024-01-19,0.747
2024-01-22,0.733
2024-01-23,0.734
2024-01-24,0.737
2024-01-25,0.74
2024-01-26,0.744
2024-01-29,0.747
2024-01-30,0.752
2024-01-31,0.748
2024-02-01,0.746
2024-02-02,0.748
2024-02-05,0.737
2024-02-06,0.735
2024-02-07,0.729
2024-02-08,0.735
2024-02-19,0.75
2024-02-20,0.747
2024-02-21,0.75
2024-02-22,0.749
2024-02-23,0.744
2024-02-26,0.746
2024-02-27,0.742
2024-02-28,0.741
2024-02-29,0.742
2024-03-01,0.747
2024-03-04,0.755
2024-03-05,0.768
2024-03-06,0.769
2024-03-07,0.772
2024-03-08,0.776
2024-03-11,0.774
2024-03-12,0.774
2024-03-13,0.772
2024-03-14,0.79
2024-03-15,0.797
2024-03-18,0.796
2024-03-19,0.794
2024-03-20,0.798
2024-03-21,0.817
2024-03-22,0.795
2024-03-25,0.8
2024-03-26,0.801
2024-03-27,0.8
2024-03-28,0.806
2024-03-29,0.815
2024-04-01,0.82
2024-04-02,0.825
2024-04-03,0.853
2024-04-08,0.887
2024-04-09,0.892
2024-04-10,0.895
2024-04-11,0.89
2024-04-12,0.924
2024-04-15,0.921
2024-04-16,0.907
2024-04-17,0.914
2024-04-18,0.92
2024-04-19,0.919
2024-04-22,0.897
2024-04-23,0.863
2024-04-24,0.876
2024-04-25,0.876
2024-04-26,0.886
2024-04-29,0.876
2024-04-30,0.867
2024-05-06,0.87
2024-05-07,0.876
2024-05-08,0.877
2024-05-09,0.883
2024-05-10,0.913
2024-05-13,0.9
2024-05-14,0.9
2024-05-15,0.906
2024-05-16,0.93
2024-05-17,0.938
2024-05-20,1.005
2024-05-21,1.002
2024-05-22,1.014
2024-05-23,0.974
2024-05-24,0.971
2024-05-27,0.992
2024-05-28,1.012
2024-05-29,1.039
2024-05-30,1.004
2024-05-31,1.001
2024-06-03,0.969
2024-06-04,0.989
2024-06-05,0.96
2024-06-06,0.98
2024-06-07,1.002
2024-06-11,0.938
2024-06-12,0.948
2024-06-13,0.948
2024-06-14,0.939
2024-06-17,0.94
2024-06-18,0.948
2024-06-19,0.952
2024-06-20,0.983
2024-06-21,0.985
2024-06-24,0.959
2024-06-25,0.961
2024-06-26,0.944
2024-06-27,0.938
2024-06-28,0.955
2024-07-01,0.949
2024-07-02,0.955
2024-07-03,0.974
2024-07-04,0.983
2024-07-05,0.989
2024-07-08,0.997
2024-07-09,1.0
2024-07-10,0.998
2024-07-11,1.003
2024-07-12,0.993
2024-07-15,0.989
2024-07-16,0.995
2024-07-17,0.999
2024-07-18,0.982
2024-07-19,0.952
2024-07-22,0.939
2024-07-23,0.932
2024-07-24,0.945
2024-07-25,0.896
2024-07-26,0.889
2024-07-29,0.894
2024-07-30,0.889
2024-07-31,0.91
2024-08-01,0.915
2024-08-02,0.909
2024-08-05,0.879
2024-08-06,0.842
2024-08-07,0.845
2024-08-08,0.843
2024-08-09,0.86
2024-08-12,0.873
2024-08-13,0.868
2024-08-14,0.867
2024-08-15,0.871
2024-08-16,0.881
2024-08-19,0.898
2024-08-20,0.909
2024-08-21,0.911
2024-08-22,0.905
2024-08-23,0.903
2024-08-26,0.922
2024-08-27,0.922
2024-08-28,0.908
2024-08-29,0.909
2024-08-30,0.906
2024-09-02,0.873
2024-09-03,0.872
2024-09-04,0.853
2024-09-05,0.858
2024-09-06,0.872
2024-09-09,0.845
2024-09-10,0.851
2024-09-11,0.867
2024-09-12,0.862
2024-09-13,0.891
2024-09-18,0.89
2024-09-19,0.894
2024-09-20,0.904
2024-09-23,0.896
2024-09-24,0.901
2024-09-25,0.93
2024-09-26,0.937
2024-09-27,0.937
2024-09-30,0.932
2024-10-08,0.924
2024-10-09,0.897
2024-10-10,0.899
2024-10-11,0.918
2024-10-14,0.93
2024-10-15,0.921
2024-10-16,0.943
2024-10-17,0.936
2024-10-18,0.94
2024-10-21,0.992
2024-10-22,0.993
2024-10-23,0.991
2024-10-24,0.976
2024-10-25,0.966
2024-10-28,0.971
2024-10-29,0.981
2024-10-30,0.987
2024-10-31,0.968
2024-11-01,0.946
2024-11-04,0.951
2024-11-05,0.949
2024-11-06,0.939
2024-11-07,0.914
2024-11-08,0.919
2024-11-11,0.922
2024-11-12,0.9
2024-11-13,0.912
2024-11-14,0.892
2024-11-15,0.898
2024-11-18,0.909
2024-11-19,0.927
2024-11-20,0.915
2024-11-21,0.923
2024-11-22,0.92
2024-11-25,0.902
2024-11-26,0.893
2024-11-27,0.903
2024-11-28,0.888
2024-11-29,0.905
2024-12-02,0.898
2024-12-03,0.917
2024-12-04,0.92
2024-12-05,0.921
2024-12-06,0.919
2024-12-09,0.917
2024-12-10,0.931
2024-12-11,0.929
2024-12-12,0.939
2024-12-13,0.917
2024-12-16,0.908
2024-12-17,0.907
2024-12-18,0.906
2024-12-19,0.886
2024-12-20,0.885
2024-12-23,0.896
2024-12-24,0.889
2024-12-25,0.89
2024-12-26,0.891
2024-12-27,0.893
2024-12-30,0.888
2024-12-31,0.878
2025-01-02,0.894
2025-01-03,0.897
2025-01-06,0.894
2025-01-07,0.907
2025-01-08,0.909
2025-01-09,0.91
2025-01-10,0.915
2025-01-13,0.912
2025-01-14,0.892
2025-01-15,0.901
2025-01-16,0.918
2025-01-17,0.914
2025-01-20,0.907
2025-01-21,0.909
2025-01-22,0.914
2025-01-23,0.903
2025-01-24,0.907
2025-01-27,0.902
2025-02-05,0.949
2025-02-06,0.943
2025-02-07,0.943
2025-02-10,0.946
2025-02-11,0.937
2025-02-12,0.934
2025-02-13,0.942
2025-02-14,0.97
2025-02-17,0.941
2025-02-18,0.945
2025-02-19,0.954
2025-02-20,0.955
2025-02-21,0.95
2025-02-24,0.949
2025-02-25,0.941
2025-02-26,0.928
2025-02-27,0.929
2025-02-28,0.921
2025-03-03,0.925
2025-03-04,0.932
2025-03-05,0.936
2025-03-06,0.944
2025-03-07,0.941
2025-03-10,0.943
2025-03-11,0.936
2025-03-12,0.944
2025-03-13,0.951
2025-03-14,0.975
2025-03-17,0.974
2025-03-18,0.977
2025-03-19,0.98
2025-03-20,0.975
2025-03-21,0.961
2025-03-24,0.965
2025-03-25,0.964
2025-03-26,0.978
2025-03-27,0.978
2025-03-28,0.995
2025-03-31,0.995
2025-04-01,0.986
2025-04-02,0.982
2025-04-03,0.972
2025-04-07,0.891
2025-04-08,0.895
2025-04-09,0.904
2025-04-10,0.928
2025-04-11,0.926
2025-04-14,0.94
2025-04-15,0.944
2025-04-16,0.953
2025-04-17,0.945
2025-04-18,0.944
2025-04-21,0.954
2025-04-22,0.947
2025-04-23,0.95
2025-04-24,0.96
2025-04-25,0.957
2025-04-28,0.945
2025-04-29,0.951
2025-04-30,0.951
2025-05-06,0.958
2025-05-07,0.959
2025-05-08,0.944
2025-05-09,0.949
2025-05-12,0.957
2025-05-13,0.956
2025-05-14,0.949
2025-05-15,0.928
2025-05-16,0.937
2025-05-19,0.941
2025-05-20,0.935
2025-05-21,0.955
2025-05-22,0.959
2025-05-23,0.955
2025-05-26,0.958
2025-05-27,0.951
2025-05-28,0.952
2025-05-29,0.953
2025-05-30,0.951
2025-06-03,0.98
2025-06-04,0.982
2025-06-05,0.983
2025-06-06,1.029
2025-06-09,1.044
2025-06-10,1.06
2025-06-11,1.044
2025-06-12,1.032
2025-06-13,1.024
2025-06-16,1.027
2025-06-17,1.029
2025-06-18,1.048
2025-06-19,1.025
2025-06-20,1.004
2025-06-23,1.015
2025-06-24,1.014
2025-06-25,1.01
2025-06-26,1.018
2025-06-27,1.017
2025-06-30,1.012
2025-07-01,1.019
2025-07-02,1.012
2025-07-03,1.034
2025-07-04,1.032
2025-07-07,1.025
2025-07-08,1.031
2025-07-09,1.025
2025-07-10,1.028
2025-07-11,1.043
2025-07-14,1.064
2025-07-15,1.062
2025-07-16,1.054
2025-07-17,1.056
2025-07-18,1.068
2025-07-21,1.067
2025-07-22,1.083
2025-07-23,1.094
2025-07-24,1.082
2025-07-25,1.085
2025-07-28,1.064
2025-07-29,1.061
2025-07-30,1.061
2025-07-31,1.04
2025-08-01,1.029
2025-08-04,1.045
2025-08-05,1.053
2025-08-06,1.059
2025-08-07,1.066
2025-08-08,1.07
2025-08-11,1.062
2025-08-12,1.058
2025-08-13,1.07
2025-08-14,1.071
2025-08-15,1.061
2025-08-18,1.065
2025-08-19,1.057
2025-08-20,1.042
2025-08-21,1.055
2025-08-22,1.058
2025-08-25,1.08
2025-08-26,1.077
2025-08-27,1.071
2025-08-28,1.079
2025-08-29,1.082
2025-09-01,1.128
2025-09-02,1.131
2025-09-03,1.129
2025-09-04,1.125
2025-09-05,1.127
2025-09-08,1.128
2025-09-09,1.137
2025-09-10,1.131
2025-09-11,1.128
2025-09-12,1.155
2025-09-15,1.155
2025-09-16,1.166
2025-09-17,1.145
2025-09-18,1.128
2025-09-19,1.146
2025-09-22,1.211
2025-09-23,1.192
2025-09-24,1.196
2025-09-25,1.195
2025-09-26,1.221
2025-09-29,1.259
2025-09-30,1.258
2025-10-09,1.297
2025-10-10,1.286
2025-10-13,1.36
2025-10-14,1.356
2025-10-15,1.402
2025-10-16,1.446
2025-10-17,1.469
2025-10-20,1.367
2025-10-21,1.356
2025-10-22,1.306
2025-10-23,1.31
2025-10-24,1.295
2025-10-27,1.302
2025-10-28,1.261
2025-10-29,1.297
2025-10-30,1.289
2025-10-31,1.313
2025-11-03,1.315
2025-11-04,1.295
2025-11-05,1.295
2025-11-06,1.313
2025-11-07,1.321
2025-11-10,1.362
2025-11-11,1.397
2025-11-12,1.404
2025-11-13,1.46
2025-11-14,1.43
2025-11-17,1.384
2025-11-18,1.353
2025-11-19,1.406
2025-11-20,1.398
2025-11-21,1.369
2025-11-24,1.375
2025-11-25,1.423
2025-11-26,1.437
2025-11-27,1.476
2025-11-28,1.528
2025-12-01,1.617
2025-12-02,1.61
2025-12-03,1.679
2025-12-04,1.689
2025-12-05,1.724
2025-12-08,1.734
2025-12-09,1.709
2025-12-10,1.815
2025-12-11,1.937
2025-12-12,1.996
2025-12-15,2.016
2025-12-16,2.027
2025-12-17,2.229
2025-12-18,2.332
2025-12-19,2.341
2025-12-22,2.575
2025-12-23,2.833
2025-12-24,3.116
2025-12-25,2.804
2025-12-26,2.524
2025-12-29,2.543
2025-12-30,2.377
2025-12-31,2.251
2026-01-05,2.372
2026-01-06,2.598
2026-01-07,2.565
2026-01-08,2.5
2026-01-09,2.53
2026-01-12,2.71
2026-01-13,2.748
2026-01-14,2.998
2026-01-15,3.071
2026-01-16,3.094
2026-01-19,3.384
2026-01-20,3.59
2026-01-21,3.92
2026-01-23,3.875
